timestamp,temperature,humidity,soil_moisture,rainfall_today,crop,area,region,irrigation_needed,water_needed_liters
2025-09-19 16:02:26.335825,26.56,92,42,0,cotton,1.0,plains,1,63250.0
2025-09-19 16:02:31.554969,26.56,92,42,0,cotton,1.0,plains,1,63250.0
2025-09-19 16:02:36.452789,26.56,92,42,0,cotton,1.0,plains,1,63250.0
2025-09-19 16:02:41.533724,26.56,92,42,0,cotton,1.0,plains,1,63250.0
2025-09-19 16:02:46.576128,26.56,92,42,0,cotton,1.0,plains,1,63250.0
2025-09-19 16:02:51.577897,26.56,92,42,0,cotton,1.0,plains,1,63250.0
2025-09-19 16:02:58.227387,26.56,92,42,0,cotton,1.0,plains,1,63250.0
2025-09-19 16:03:02.192265,26.56,92,42,0,cotton,1.0,plains,1,63250.0
2025-09-19 16:07:33.493426,26.06,94,42,0,cotton,1.0,plains,1,63250.0
2025-09-19 16:07:38.491289,26.06,94,42,0,cotton,1.0,plains,1,63250.0
2025-09-19 16:07:43.536522,26.06,94,42,0,cotton,1.0,plains,1,63250.0
2025-09-19 16:07:48.596736,26.06,94,42,0,cotton,1.0,plains,1,63250.0
2025-09-19 16:07:53.599720,26.06,94,42,0,cotton,1.0,plains,1,63250.0
2025-09-19 16:07:58.946390,26.06,94,42,0,cotton,1.0,plains,1,63250.0
2025-09-19 16:08:03.685536,26.06,94,42,0,cotton,1.0,plains,1,63250.0
2025-09-19 16:08:09.264983,26.06,94,42,0,cotton,1.0,plains,1,63250.0
2025-09-19 16:08:18.227346,26.06,94,42,0,cotton,1.0,plains,1,63250.0
2025-09-19 16:08:23.255411,26.06,94,42,0,cotton,1.0,plains,1,63250.0
2025-09-19 16:08:28.307683,26.06,94,42,0,cotton,1.0,plains,1,63250.0
2025-09-19 16:08:36.999140,26.06,94,42,0,cotton,1.0,plains,1,63250.0
2025-09-19 16:08:37.021953,26.06,94,42,0,cotton,87.0,plains,1,5502750.0
2025-09-19 16:08:37.276444,26.06,94,42,0,cotton,87.0,plains,1,5502750.0
2025-09-19 16:08:38.304028,26.06,94,42,0,cotton,1.0,plains,1,63250.0
2025-09-19 16:08:43.253553,26.06,94,42,0,cotton,1.0,plains,1,63250.0
2025-09-19 16:08:48.241733,26.06,94,42,0,pulses,1.0,unknown,1,55000.0
2025-09-19 16:08:48.501912,26.06,94,42,0,pulses,89.0,unknown,1,4895000.0
2025-09-19 16:08:53.824176,26.06,94,42,0,pulses,1.0,unknown,1,55000.0
2025-09-19 16:08:58.406872,26.06,94,42,0,pulses,1.0,unknown,1,55000.0
2025-09-19 16:09:03.308722,26.06,94,42,0,pulses,1.0,unknown,1,55000.0
2025-09-19 16:09:08.402227,26.06,94,42,0,pulses,1.0,unknown,1,55000.0
2025-09-19 16:09:13.302093,26.06,94,42,0,pulses,1.0,unknown,1,55000.0
2025-09-19 16:09:18.240391,26.06,94,42,0,pulses,1.0,unknown,1,55000.0
2025-09-19 16:09:23.793455,26.06,94,42,0,pulses,1.0,unknown,1,55000.0
2025-09-19 16:09:28.414211,26.06,94,42,0,pulses,1.0,unknown,1,55000.0
2025-09-19 16:09:33.371141,26.06,94,42,0,pulses,1.0,unknown,1,55000.0
2025-09-19 16:09:38.408365,26.06,94,42,0,pulses,1.0,unknown,1,55000.0
2025-09-19 16:09:43.436120,26.06,94,42,0,pulses,1.0,unknown,1,55000.0
2025-09-19 16:09:48.498785,26.06,94,42,0,pulses,1.0,unknown,1,55000.0
2025-09-19 16:09:53.539351,26.06,94,42,0,pulses,1.0,unknown,1,55000.0
2025-09-19 16:09:58.412926,26.06,94,42,0,pulses,1.0,unknown,1,55000.0
2025-09-19 16:10:03.715978,26.06,94,42,0,pulses,1.0,unknown,1,55000.0
2025-09-19 16:10:08.764296,26.06,94,42,0,pulses,1.0,unknown,1,55000.0
2025-09-19 16:10:13.709830,26.06,94,42,0,pulses,1.0,unknown,1,55000.0
2025-09-19 16:10:18.406665,26.06,94,42,0,pulses,1.0,unknown,1,55000.0
2025-09-19 16:10:23.473963,26.06,94,42,0,pulses,1.0,unknown,1,55000.0
2025-09-19 16:10:28.261150,26.06,94,42,0,pulses,1.0,unknown,1,55000.0
2025-09-19 16:10:33.545308,26.06,94,42,0,pulses,1.0,unknown,1,55000.0
2025-09-19 16:13:48.969600,26.06,94,42,0,cotton,1.0,plains,1,63250.0
2025-09-19 16:13:54.124431,26.06,94,42,0,cotton,1.0,plains,1,63250.0
2025-09-19 16:13:59.185643,26.06,94,42,0,cotton,1.0,plains,1,63250.0
2025-09-19 16:14:04.274833,26.06,94,42,0,cotton,1.0,plains,1,63250.0
2025-09-19 16:14:09.742528,26.06,94,42,0,cotton,1.0,plains,1,63250.0
2025-09-19 16:14:14.349429,26.06,94,42,0,cotton,1.0,plains,1,63250.0
2025-09-19 16:14:19.590573,26.06,94,42,0,cotton,1.0,plains,1,63250.0
2025-09-19 16:14:25.852435,26.06,94,42,0,cotton,1.0,plains,1,63250.0
2025-09-19 16:14:30.898905,26.06,94,42,0,cotton,1.0,plains,1,63250.0
2025-09-19 16:19:10.580665,26.06,94,42,0,cotton,1.0,plains,1,63250.0
2025-09-19 16:19:15.552405,26.06,94,42,0,cotton,1.0,plains,1,63250.0
2025-09-19 16:19:20.609314,26.06,94,42,0,cotton,1.0,plains,1,63250.0
2025-09-19 16:19:25.528920,26.06,94,42,0,cotton,1.0,plains,1,63250.0
2025-09-19 16:19:27.803098,26.06,94,42,0,cotton,45.0,plains,1,2846250.0
2025-09-19 16:19:30.714422,26.06,94,42,0,cotton,1.0,plains,1,63250.0
2025-09-19 16:19:35.897247,26.06,94,42,0,cotton,1.0,plains,1,63250.0
2025-09-19 16:19:40.801139,26.06,94,42,0,cotton,1.0,plains,1,63250.0
2025-09-19 16:19:50.157235,26.06,94,42,0,cotton,1.0,plains,1,63250.0
2025-09-19 16:19:58.460795,26.06,94,42,0,cotton,1.0,plains,1,63250.0
2025-09-19 16:32:14.149780,26.06,94,42,0,cotton,1.0,plains,1,6.32
2025-09-19 16:32:18.207475,26.06,94,42,0,cotton,1.0,plains,1,6.32
2025-09-19 16:32:22.619194,26.06,94,42,0,cotton,34.0,plains,1,215.05
2025-09-19 16:32:23.337162,26.06,94,42,0,cotton,1.0,plains,1,6.32
2025-09-19 16:32:28.280788,26.06,94,42,0,cotton,1.0,plains,1,6.32
2025-09-19 16:32:33.347239,26.06,94,42,0,cotton,1.0,plains,1,6.32
2025-09-19 16:32:38.283929,26.06,94,42,0,cotton,1.0,plains,1,6.32
2025-09-20 01:06:58.772817,23.54,96,42,0,cotton,1.0,plains,0,6.32
2025-09-20 01:07:03.646850,23.54,96,42,0,cotton,1.0,plains,0,6.32
2025-09-20 01:07:08.654754,23.54,96,42,0,cotton,1.0,plains,0,6.32
2025-09-20 01:07:13.641071,23.54,96,42,0,cotton,1.0,plains,0,6.32
2025-09-20 01:07:18.629790,23.54,96,42,0,cotton,1.0,plains,0,6.32
2025-09-20 01:07:23.639918,23.54,96,42,0,maize,1.0,plains,0,6.05
2025-09-20 01:07:25.323969,23.54,96,42,0,maize,345.0,plains,0,2087.25
2025-09-20 01:07:28.636367,23.54,96,42,0,maize,1.0,plains,0,6.05
2025-09-20 01:07:33.644712,23.54,96,42,0,maize,1.0,plains,0,6.05
2025-09-20 01:07:34.170829,23.54,96,42,0,maize,3453.0,plains,0,20890.65
2025-09-20 01:07:37.540868,23.54,96,42,0,maize,34.0,plains,0,205.7
2025-09-20 01:07:38.646650,23.54,96,42,0,maize,1.0,plains,0,6.05
2025-09-20 01:07:43.686337,23.54,96,42,0,maize,1.0,plains,0,6.05
2025-09-20 01:07:48.639475,23.54,96,42,0,maize,1.0,plains,0,6.05
2025-09-20 01:07:53.643852,23.54,96,42,0,maize,1.0,plains,0,6.05
2025-09-20 01:07:58.801150,23.54,96,42,0,maize,1.0,plains,0,6.05
2025-09-20 01:12:15.809716,23.54,96,42,0,cotton,1.0,plains,0,6.32
2025-09-20 01:12:20.713976,23.54,96,42,0,cotton,1.0,plains,0,6.32
2025-09-20 01:12:25.742608,23.54,96,42,0,cotton,1.0,plains,0,6.32
2025-09-20 01:12:30.876763,23.54,96,42,0,cotton,1.0,plains,0,6.32
2025-09-20 01:18:49.176949,23.54,96,42,0,cotton,1.0,plains,0,6.32
2025-09-20 01:18:54.266504,23.54,96,42,0,cotton,1.0,plains,0,6.32
2025-09-20 01:20:17.287677,23.54,96,42,0,cotton,1.0,plains,0,6.32
2025-09-20 01:20:22.218106,23.54,96,42,0,cotton,1.0,plains,0,6.32
2025-09-20 01:20:27.222658,23.54,96,42,0,cotton,1.0,plains,0,6.32
2025-09-20 01:20:32.213349,23.54,96,42,0,cotton,1.0,plains,0,6.32
2025-09-20 01:20:37.224641,23.54,96,42,0,cotton,1.0,plains,0,6.32
2025-09-20 01:20:39.338542,23.54,96,42,0,wheat,232.0,plains,0,1467.4
2025-09-20 01:20:42.213533,23.54,96,42,0,wheat,1.0,plains,0,6.32
2025-09-20 01:20:44.954710,23.54,96,42,0,maize,232.0,plains,0,1403.6
2025-09-20 01:20:47.212253,23.54,96,42,0,maize,1.0,plains,0,6.05
2025-09-20 01:20:50.408856,23.54,96,42,0,tea,232.0,hilly,0,887.4
2025-09-20 01:20:52.246217,23.54,96,42,0,tea,1.0,hilly,0,3.82
2025-09-20 01:20:57.225920,23.54,96,42,0,tea,1.0,hilly,0,3.82
2025-09-20 01:21:02.220989,23.54,96,42,0,tea,1.0,hilly,0,3.82
2025-09-20 01:21:07.225555,23.54,96,42,0,tea,1.0,hilly,0,3.82
2025-09-20 01:45:19.806907,23.54,96,42,0,cotton,1.0,plains,0,6.32
2025-09-20 01:45:24.662825,23.54,96,42,0,cotton,1.0,plains,0,6.32
2025-09-20 01:45:29.671312,23.54,96,42,0,cotton,1.0,plains,0,6.32
2025-09-20 01:45:34.702227,23.54,96,42,0,cotton,1.0,plains,0,6.32
2025-09-20 01:45:42.980525,23.54,96,42,0,cotton,1.0,plains,0,6.32
2025-09-20 01:45:48.085265,23.54,96,42,0,cotton,1.0,plains,0,6.32
2025-09-20 01:45:53.210228,23.54,96,42,0,cotton,1.0,plains,0,6.32
2025-09-20 01:46:01.123022,23.54,96,42,0,cotton,1.0,plains,0,6.32
2025-09-20 01:46:07.056827,23.54,96,42,0,cotton,1.0,plains,0,6.32
2025-09-20 01:46:20.934436,23.54,96,42,0,cotton,1.0,plains,0,6.32
2025-09-20 01:46:39.689887,23.54,96,42,0,cotton,1.0,plains,0,6.32
2025-09-20 01:52:31.252375,23.54,96,42,0,cotton,1.0,plains,0,6.32
2025-09-20 01:52:36.182826,23.54,96,42,0,cotton,1.0,plains,0,6.32
2025-09-20 01:52:41.175552,23.54,96,42,0,cotton,1.0,plains,0,6.32
2025-09-20 01:52:46.155967,23.54,96,42,0,cotton,1.0,plains,0,6.32
2025-09-20 01:52:51.177432,23.54,96,42,0,cotton,1.0,plains,0,6.32
2025-09-20 01:52:56.186897,23.54,96,42,0,cotton,1.0,plains,0,6.32
2025-09-20 01:53:01.179224,23.54,96,42,0,cotton,1.0,plains,0,6.32
2025-09-20 01:53:06.158092,23.54,96,42,0,cotton,1.0,plains,0,6.32
2025-09-20 01:53:11.153801,23.54,96,42,0,cotton,1.0,plains,0,6.32
2025-09-20 01:53:16.160997,23.54,96,42,0,cotton,1.0,plains,0,6.32
2025-09-20 01:53:21.162506,23.54,96,42,0,cotton,1.0,plains,0,6.32
2025-09-20 01:53:26.159124,23.54,96,42,0,cotton,1.0,plains,0,6.32
2025-09-20 01:53:31.168095,23.54,96,42,0,cotton,1.0,plains,0,6.32
2025-09-20 01:53:36.191207,23.54,96,42,0,cotton,1.0,plains,0,6.32
2025-09-20 01:53:41.181010,23.54,96,42,0,cotton,1.0,plains,0,6.32
2025-09-20 01:53:46.174738,23.54,96,42,0,cotton,1.0,plains,0,6.32
2025-09-20 01:53:51.180296,23.54,96,42,0,cotton,1.0,plains,0,6.32
2025-09-20 01:53:56.189450,23.54,96,42,0,cotton,1.0,plains,0,6.32
2025-09-20 01:54:01.509837,23.54,96,42,0,cotton,1.0,plains,0,6.32
2025-09-20 01:54:07.203295,23.54,96,42,0,cotton,1.0,plains,0,6.32
2025-09-20 01:54:11.195982,23.54,96,42,0,cotton,1.0,plains,0,6.32
2025-09-20 01:54:16.191977,23.54,96,42,0,cotton,1.0,plains,0,6.32
2025-09-20 01:54:21.194113,23.54,96,42,0,cotton,1.0,plains,0,6.32
2025-09-20 01:54:26.185384,23.54,96,42,0,cotton,1.0,plains,0,6.32
2025-09-20 01:54:31.172382,23.54,96,42,0,cotton,1.0,plains,0,6.32
2025-09-20 01:54:36.192536,23.54,96,42,0,cotton,1.0,plains,0,6.32
2025-09-20 01:54:41.184218,23.54,96,42,0,cotton,1.0,plains,0,6.32
2025-09-20 02:05:38.065186,23.32,96,42,0,cotton,1.0,plains,1,6.32
2025-09-20 02:05:43.661778,23.32,96,42,0,cotton,1.0,plains,1,6.32
2025-09-20 02:05:48.871539,23.32,96,42,0,cotton,1.0,plains,1,6.32
2025-09-20 02:05:57.994595,23.32,96,42,0,cotton,1.0,plains,1,6.32
2025-09-20 02:11:05.294793,23.32,96,42,0,cotton,1.0,plains,1,6.32
2025-09-20 02:13:57.001086,23.32,96,42,0,cotton,1.0,plains,1,6.32
2025-09-20 02:14:17.089759,23.32,96,42,0,cotton,1.0,plains,1,6.32
2025-09-20 02:14:36.936386,23.32,96,42,0,cotton,1.0,plains,1,6.32
2025-09-20 02:49:55.248548,23.32,96,42,0,cotton,1.0,plains,1,6.32
2025-09-20 03:37:39.542341,23.08,95,42,0,cotton,1.0,plains,1,6.32
2025-09-20 04:44:24.446045,22.87,94,42,0,cotton,1.0,plains,1,6.32
2025-09-20 05:14:36.694381,22.51,94,42,0,cotton,1.0,plains,1,6.32
2025-09-20 05:14:52.896148,22.51,94,42,0,cotton,1.0,plains,1,6.32
2025-09-20 05:48:25.810889,22.51,94,42,0,cotton,1.0,plains,1,6.32
2025-09-20 06:12:25.492604,24.05,91,42,0,cotton,1.0,plains,1,6.32
2025-09-20 06:57:48.448497,24.05,91,42,0,cotton,1.0,plains,1,6.32
2025-09-20 07:58:45.363459,26.05,83,42,0,cotton,1.0,plains,1,6.32
2025-09-20 09:57:48.046466,28.01,78,42,0,cotton,1.0,plains,1,6.32
2025-09-20 09:57:52.759378,28.01,78,42,0,cotton,1.0,plains,1,6.32
2025-09-20 09:57:55.111257,28.01,78,42,0,cotton,76.0,plains,1,480.7
2025-09-20 09:57:57.778504,28.01,78,42,0,cotton,1.0,plains,1,6.32
2025-09-20 09:58:02.765791,28.01,78,42,0,cotton,1.0,plains,1,6.32
2025-09-20 09:58:08.454120,28.01,78,42,0,cotton,1.0,plains,1,6.32
2025-09-20 09:58:12.842166,28.01,78,42,0,cotton,1.0,plains,1,6.32
2025-09-20 09:58:17.801284,28.01,78,42,0,cotton,1.0,plains,1,6.32
2025-09-20 09:58:22.808240,28.01,78,42,0,cotton,1.0,plains,1,6.32
2025-09-20 09:58:30.144059,28.01,78,42,0,cotton,1.0,plains,1,6.32
2025-09-20 09:58:32.893307,28.01,78,42,0,cotton,1.0,plains,1,6.32
2025-09-20 09:58:37.917311,28.01,78,42,0,cotton,1.0,plains,1,6.32
2025-09-20 09:58:42.831737,28.01,78,42,0,cotton,1.0,plains,1,6.32
2025-09-20 09:58:49.391348,28.01,78,42,0,cotton,1.0,plains,1,6.32
2025-09-20 09:58:52.951641,28.01,78,42,0,cotton,1.0,plains,1,6.32
2025-09-20 09:58:57.795771,28.01,78,42,0,cotton,1.0,plains,1,6.32
2025-09-20 09:59:02.890151,28.01,78,42,0,cotton,1.0,plains,1,6.32
2025-09-20 09:59:08.021178,28.01,78,42,0,cotton,1.0,plains,1,6.32
2025-09-20 09:59:13.172822,28.01,78,42,0,cotton,1.0,plains,1,6.32
2025-09-20 11:59:19.266650,28.74,76,42,0,cotton,1.0,plains,1,6.32
2025-09-20 11:59:24.049860,28.74,76,42,0,cotton,1.0,plains,1,6.32
2025-09-20 11:59:28.912333,28.74,76,42,0,cotton,1.0,plains,1,6.32
2025-09-20 11:59:33.959903,28.74,76,42,0,cotton,1.0,plains,1,6.32
2025-09-20 11:59:39.035943,28.74,76,42,0,cotton,1.0,plains,1,6.32
2025-09-20 11:59:43.935258,28.74,76,42,0,cotton,1.0,plains,1,6.32
2025-09-20 11:59:49.082088,28.74,76,42,0,cotton,1.0,plains,1,6.32
2025-09-20 11:59:54.714822,28.74,76,42,0,cotton,1.0,plains,1,6.32
2025-09-20 11:59:59.727401,28.74,76,42,0,cotton,1.0,plains,1,6.32
2025-09-20 12:01:34.628807,28.74,76,42,0,cotton,1.0,plains,1,6.32
2025-09-20 12:01:39.543131,28.74,76,42,0,cotton,1.0,plains,1,6.32
2025-09-20 12:01:44.682600,28.74,76,42,0,cotton,1.0,plains,1,6.32
2025-09-20 12:03:50.460903,28.74,76,42,0,cotton,1.0,plains,1,6.32
2025-09-20 12:14:41.476623,27.92,81,42,0,cotton,1.0,plains,1,6.32
2025-09-20 12:14:46.358467,27.92,81,42,0,cotton,1.0,plains,1,6.32
2025-09-20 12:14:51.958806,27.92,81,42,0,cotton,1.0,plains,1,6.32
2025-09-20 12:14:57.245045,27.92,81,42,0,cotton,1.0,plains,1,6.32
2025-09-20 12:15:01.236171,27.92,81,42,0,cotton,1.0,plains,1,6.32
2025-09-20 12:15:06.252725,27.92,81,42,0,cotton,1.0,plains,1,6.32
2025-09-20 12:15:10.626035,27.92,81,42,0,cotton,23.0,plains,1,145.47
2025-09-20 12:15:11.293637,27.92,81,42,0,cotton,1.0,plains,1,6.32
2025-09-20 12:15:16.801765,27.92,81,42,0,cotton,1.0,plains,1,6.32
2025-09-20 12:15:21.253545,27.92,81,42,0,cotton,1.0,plains,1,6.32
2025-09-20 12:15:26.227486,27.92,81,42,0,cotton,1.0,plains,1,6.32
2025-09-20 12:15:31.455287,27.92,81,42,0,cotton,1.0,plains,1,6.32
2025-09-20 12:15:36.394145,27.92,81,42,0,cotton,1.0,plains,1,6.32
2025-09-20 12:15:41.286714,27.92,81,42,0,cotton,1.0,plains,1,6.32
2025-09-20 12:15:46.288011,27.92,81,42,0,cotton,1.0,plains,1,6.32
2025-09-20 12:15:51.265840,27.92,81,42,0,cotton,1.0,plains,1,6.32
2025-09-20 12:15:56.530157,27.92,81,42,0,cotton,1.0,plains,1,6.32
2025-09-20 12:16:01.487693,27.92,81,42,0,cotton,1.0,plains,1,6.32
2025-09-20 12:16:06.458700,27.92,81,42,0,cotton,1.0,plains,1,6.32
2025-09-20 12:16:11.277017,27.92,81,42,0,cotton,1.0,plains,1,6.32
2025-09-20 12:17:38.380847,27.92,81,42,0,cotton,1.0,plains,1,6.32
2025-09-20 12:25:59.636922,28.66,77,42,0,cotton,1.0,plains,1,6.32
2025-09-20 12:26:03.970850,28.66,77,42,0,cotton,1.0,plains,1,6.32
2025-09-20 12:26:09.023307,28.66,77,42,0,cotton,1.0,plains,1,6.32
2025-09-20 12:26:13.929229,28.66,77,42,0,cotton,1.0,plains,1,6.32
2025-09-20 12:26:19.034710,28.66,77,42,0,cotton,1.0,plains,1,6.32
2025-09-20 12:26:24.154798,28.66,77,42,0,cotton,1.0,plains,1,6.32
2025-09-20 12:26:28.899617,28.66,77,42,0,cotton,1.0,plains,1,6.32
2025-09-20 12:26:34.012932,28.66,77,42,0,cotton,1.0,plains,1,6.32
2025-09-20 12:26:37.989023,28.66,77,42,0,maize,232.0,plains,1,1403.6
2025-09-20 12:26:38.915470,28.66,77,42,0,maize,1.0,plains,1,6.05
2025-09-20 12:26:44.154461,28.66,77,42,0,maize,1.0,plains,1,6.05
2025-09-20 12:26:48.942493,28.66,77,42,0,maize,232.0,plains,1,1403.6
2025-09-20 12:26:49.111854,28.66,77,42,0,maize,1.0,plains,1,6.05
2025-09-20 12:26:53.930994,28.66,77,42,0,maize,1.0,plains,1,6.05
2025-09-20 12:26:58.926565,28.66,77,42,0,maize,1.0,plains,1,6.05
2025-09-20 12:27:04.523543,28.66,77,42,0,maize,1.0,plains,1,6.05
2025-09-20 12:27:09.575796,28.66,77,42,0,maize,1.0,plains,1,6.05
2025-09-20 12:27:13.927725,28.66,77,42,0,maize,1.0,plains,1,6.05
2025-09-20 12:27:19.192440,28.66,77,42,0,maize,1.0,plains,1,6.05
2025-09-20 12:27:23.958064,28.66,77,42,0,maize,1.0,plains,1,6.05
2025-09-20 12:27:28.976378,28.66,77,42,0,maize,1.0,plains,1,6.05
2025-09-20 12:27:34.041391,28.66,77,42,0,maize,1.0,plains,1,6.05
2025-09-20 12:27:38.906851,28.66,77,42,0,maize,1.0,plains,1,6.05
2025-09-20 12:27:43.970641,28.66,77,42,0,maize,1.0,plains,1,6.05
2025-09-20 12:27:49.798081,28.66,77,42,0,maize,1.0,plains,1,6.05
2025-09-20 12:27:54.063649,28.66,77,42,0,maize,1.0,plains,1,6.05
2025-09-20 12:27:59.097658,28.66,77,42,0,maize,1.0,plains,1,6.05
2025-09-20 12:28:03.996047,28.66,77,42,0,maize,1.0,plains,1,6.05
2025-09-20 12:28:08.967225,28.66,77,42,0,maize,1.0,plains,1,6.05
2025-09-20 12:28:13.889860,28.66,77,42,0,maize,1.0,plains,1,6.05
2025-09-20 12:28:19.833043,28.66,77,42,0,maize,1.0,plains,1,6.05
2025-09-20 12:28:24.129824,28.66,77,42,0,maize,1.0,plains,1,6.05
2025-09-20 12:28:29.098995,28.66,77,42,0,maize,1.0,plains,1,6.05
2025-09-20 12:28:34.231687,28.66,77,42,0,maize,1.0,plains,1,6.05
2025-09-20 12:28:39.842855,28.66,77,42,0,maize,1.0,plains,1,6.05
2025-09-20 12:28:43.953222,28.66,77,42,0,maize,1.0,plains,1,6.05
2025-09-20 12:28:48.946254,28.66,77,42,0,maize,1.0,plains,1,6.05
2025-09-20 12:28:54.116172,28.66,77,42,0,maize,1.0,plains,1,6.05
2025-09-20 12:28:59.040780,28.66,77,42,0,maize,1.0,plains,1,6.05
2025-09-20 12:29:04.277846,28.66,77,42,0,maize,1.0,plains,1,6.05
2025-09-20 12:29:09.150810,28.66,77,42,0,maize,1.0,plains,1,6.05
2025-09-20 12:29:14.223865,28.66,77,42,0,maize,1.0,plains,1,6.05
2025-09-20 12:29:19.146928,28.66,77,42,0,maize,1.0,plains,1,6.05
2025-09-20 12:29:24.054959,28.66,77,42,0,maize,1.0,plains,1,6.05
2025-09-20 12:29:29.022722,28.66,77,42,0,maize,1.0,plains,1,6.05
2025-09-20 12:29:34.215169,28.66,77,42,0,maize,1.0,plains,1,6.05
2025-09-20 12:29:39.247463,28.66,77,42,0,maize,1.0,plains,1,6.05
2025-09-20 12:29:44.192463,28.66,77,42,0,maize,1.0,plains,1,6.05
2025-09-20 12:29:49.345863,28.66,77,42,0,maize,1.0,plains,1,6.05
2025-09-20 12:29:54.031968,28.66,77,42,0,maize,1.0,plains,1,6.05
2025-09-20 12:29:59.468786,28.66,77,42,0,maize,1.0,plains,1,6.05
2025-09-20 12:30:04.116534,28.66,77,42,0,maize,1.0,plains,1,6.05
2025-09-20 12:30:09.240408,28.66,77,42,0,maize,1.0,plains,1,6.05
2025-09-20 12:30:14.010236,28.66,77,42,0,maize,1.0,plains,1,6.05
2025-09-20 12:30:19.022870,28.66,77,42,0,maize,1.0,plains,1,6.05
2025-09-20 12:30:24.188568,28.66,77,42,0,maize,1.0,plains,1,6.05
2025-09-20 12:30:28.952418,28.66,77,42,0,maize,1.0,plains,1,6.05
2025-09-20 12:30:34.226653,28.66,77,42,0,maize,1.0,plains,1,6.05
2025-09-20 12:30:39.156975,28.66,77,42,0,maize,1.0,plains,1,6.05
2025-09-20 12:30:44.020647,28.66,77,42,0,maize,1.0,plains,1,6.05
2025-09-20 12:30:49.048242,28.66,77,42,0,maize,1.0,plains,1,6.05
2025-09-20 12:30:54.085891,28.66,77,42,0,maize,1.0,plains,1,6.05
2025-09-20 12:30:58.960447,28.66,77,42,0,maize,1.0,plains,1,6.05
2025-09-20 12:31:04.165239,28.66,77,42,0,maize,1.0,plains,1,6.05
2025-09-20 12:31:09.331339,28.66,77,42,0,maize,1.0,plains,1,6.05
2025-09-20 12:31:14.427056,28.66,77,42,0,maize,1.0,plains,1,6.05
2025-09-20 12:31:19.352957,28.66,77,42,0,maize,1.0,plains,1,6.05
2025-09-20 12:31:24.180828,28.66,77,42,0,maize,1.0,plains,1,6.05
2025-09-20 12:31:29.015199,28.66,77,42,0,maize,1.0,plains,1,6.05
2025-09-20 12:31:34.136467,28.66,77,42,0,maize,1.0,plains,1,6.05
2025-09-20 12:31:39.016335,28.66,77,42,0,maize,1.0,plains,1,6.05
2025-09-20 12:31:44.126113,28.66,77,42,0,maize,1.0,plains,1,6.05
2025-09-20 12:31:49.027041,28.66,77,42,0,maize,1.0,plains,1,6.05
2025-09-20 12:31:54.157068,28.66,77,42,0,maize,1.0,plains,1,6.05
2025-09-20 12:31:59.176014,28.66,77,42,0,maize,1.0,plains,1,6.05
2025-09-20 12:32:04.047513,28.66,77,42,0,maize,1.0,plains,1,6.05
2025-09-20 12:32:09.144913,28.66,77,42,0,maize,1.0,plains,1,6.05
2025-09-20 12:32:14.020508,28.66,77,42,0,maize,1.0,plains,1,6.05
2025-09-20 12:32:19.228983,28.66,77,42,0,maize,1.0,plains,1,6.05
2025-09-20 12:32:24.041959,28.66,77,42,0,maize,1.0,plains,1,6.05
2025-09-20 12:32:29.189152,28.66,77,42,0,maize,1.0,plains,1,6.05
2025-09-20 12:32:34.056437,28.66,77,42,0,maize,1.0,plains,1,6.05
2025-09-20 12:32:39.023838,28.66,77,42,0,maize,1.0,plains,1,6.05
2025-09-20 12:32:43.965672,28.66,77,42,0,maize,1.0,plains,1,6.05
2025-09-20 12:32:49.431956,28.66,77,42,0,maize,1.0,plains,1,6.05
2025-09-20 12:32:54.029588,28.66,77,42,0,maize,1.0,plains,1,6.05
2025-09-20 12:32:59.075209,28.66,77,42,0,maize,1.0,plains,1,6.05
2025-09-20 12:33:04.111384,28.66,77,42,0,maize,1.0,plains,1,6.05
2025-09-20 12:33:10.112116,28.66,77,42,0,maize,1.0,plains,1,6.05
2025-09-20 12:33:14.085116,28.66,77,42,0,maize,1.0,plains,1,6.05
2025-09-20 12:33:19.217657,28.66,77,42,0,maize,1.0,plains,1,6.05
2025-09-20 12:33:24.115406,28.66,77,42,0,maize,1.0,plains,1,6.05
2025-09-20 12:33:29.021770,28.66,77,42,0,maize,1.0,plains,1,6.05
2025-09-20 12:33:35.565703,28.66,77,42,0,maize,1.0,plains,1,6.05
2025-09-20 12:33:39.317990,28.66,77,42,0,maize,1.0,plains,1,6.05
2025-09-20 12:33:44.567858,28.66,77,42,0,maize,1.0,plains,1,6.05
2025-09-20 12:33:49.177416,28.66,77,42,0,maize,1.0,plains,1,6.05
2025-09-20 12:33:54.291203,28.66,77,42,0,maize,1.0,plains,1,6.05
2025-09-20 12:33:59.083700,28.66,77,42,0,maize,1.0,plains,1,6.05
2025-09-20 12:34:04.211116,28.66,77,42,0,maize,1.0,plains,1,6.05
2025-09-20 12:34:09.154620,28.66,77,42,0,maize,1.0,plains,1,6.05
2025-09-20 12:34:14.191669,28.66,77,42,0,maize,1.0,plains,1,6.05
2025-09-20 12:34:19.110719,28.66,77,42,0,maize,1.0,plains,1,6.05
2025-09-20 12:34:24.405485,28.66,77,42,0,maize,1.0,plains,1,6.05
2025-09-20 12:34:29.144402,28.66,77,42,0,maize,1.0,plains,1,6.05
2025-09-20 12:34:34.179462,28.66,77,42,0,maize,1.0,plains,1,6.05
2025-09-20 12:34:39.258079,28.66,77,42,0,maize,1.0,plains,1,6.05
2025-09-20 12:34:43.994415,28.66,77,42,0,maize,1.0,plains,1,6.05
2025-09-20 12:34:49.180584,28.66,77,42,0,maize,1.0,plains,1,6.05
2025-09-20 12:34:54.337165,28.66,77,42,0,maize,1.0,plains,1,6.05
2025-09-20 12:34:59.104665,28.66,77,42,0,maize,1.0,plains,1,6.05
2025-09-20 12:35:04.105807,28.66,77,42,0,maize,1.0,plains,1,6.05
2025-09-20 12:35:09.094668,28.66,77,42,0,maize,1.0,plains,1,6.05
2025-09-20 12:35:13.997245,28.66,77,42,0,maize,1.0,plains,1,6.05
2025-09-20 12:35:19.197093,28.66,77,42,0,maize,1.0,plains,1,6.05
2025-09-20 12:35:24.064195,28.66,77,42,0,maize,1.0,plains,1,6.05
2025-09-20 12:35:29.150857,28.66,77,42,0,maize,1.0,plains,1,6.05
2025-09-20 12:35:34.066082,28.66,77,42,0,maize,1.0,plains,1,6.05
2025-09-20 12:35:39.293364,28.66,77,42,0,maize,1.0,plains,1,6.05
2025-09-20 12:35:44.124787,28.66,77,42,0,maize,1.0,plains,1,6.05
2025-09-20 12:35:49.386142,28.66,77,42,0,maize,1.0,plains,1,6.05
2025-09-20 12:35:54.159292,28.66,77,42,0,maize,1.0,plains,1,6.05
2025-09-20 12:35:59.293116,28.66,77,42,0,maize,1.0,plains,1,6.05
2025-09-20 12:36:04.455205,28.66,77,42,0,maize,1.0,plains,1,6.05
2025-09-20 12:36:09.392814,28.66,77,42,0,maize,1.0,plains,1,6.05
2025-09-20 12:36:14.103132,28.66,77,42,0,maize,1.0,plains,1,6.05
2025-09-20 12:36:19.628710,28.66,77,42,0,maize,1.0,plains,1,6.05
2025-09-20 12:36:24.075285,28.66,77,42,0,maize,1.0,plains,1,6.05
2025-09-20 12:36:29.169903,28.66,77,42,0,maize,1.0,plains,1,6.05
2025-09-20 12:36:34.535225,28.66,77,42,0,maize,1.0,plains,1,6.05
2025-09-20 12:36:39.311215,28.66,77,42,0,maize,1.0,plains,1,6.05
2025-09-20 12:36:44.503446,28.66,77,42,0,maize,1.0,plains,1,6.05
2025-09-20 12:36:49.265679,28.66,77,42,0,maize,1.0,plains,1,6.05
2025-09-20 12:36:54.070780,28.66,77,42,0,maize,1.0,plains,1,6.05
2025-09-20 12:36:59.030748,28.66,77,42,0,maize,1.0,plains,1,6.05
2025-09-20 12:37:04.098318,28.66,77,42,0,maize,1.0,plains,1,6.05
2025-09-20 12:37:09.329272,28.66,77,42,0,maize,1.0,plains,1,6.05
2025-09-20 12:37:14.210165,28.66,77,42,0,maize,1.0,plains,1,6.05
2025-09-20 12:37:19.192295,28.66,77,42,0,maize,1.0,plains,1,6.05
2025-09-20 12:37:24.299682,28.66,77,42,0,maize,1.0,plains,1,6.05
2025-09-20 12:37:29.137605,28.66,77,42,0,maize,1.0,plains,1,6.05
2025-09-20 12:37:34.020271,28.66,77,42,0,maize,1.0,plains,1,6.05
2025-09-20 12:37:39.144642,28.66,77,42,0,maize,1.0,plains,1,6.05
2025-09-20 12:37:44.615513,28.66,77,42,0,maize,1.0,plains,1,6.05
2025-09-20 12:37:49.064450,28.66,77,42,0,maize,1.0,plains,1,6.05
2025-09-20 12:37:54.199792,28.66,77,42,0,maize,1.0,plains,1,6.05
2025-09-20 12:37:59.415539,28.66,77,42,0,maize,1.0,plains,1,6.05
2025-09-20 12:38:04.207972,28.66,77,42,0,maize,1.0,plains,1,6.05
2025-09-20 12:38:09.394944,28.66,77,42,0,maize,1.0,plains,1,6.05
2025-09-20 12:38:14.190991,28.66,77,42,0,maize,1.0,plains,1,6.05
2025-09-20 12:38:19.181387,28.66,77,42,0,maize,1.0,plains,1,6.05
2025-09-20 12:38:24.116321,28.66,77,42,0,maize,1.0,plains,1,6.05
2025-09-20 12:38:29.052991,28.66,77,42,0,maize,1.0,plains,1,6.05
2025-09-20 12:38:34.083870,28.66,77,42,0,maize,1.0,plains,1,6.05
2025-09-20 12:38:39.096064,28.66,77,42,0,maize,1.0,plains,1,6.05
2025-09-20 12:38:44.247378,28.66,77,42,0,maize,1.0,plains,1,6.05
2025-09-20 12:38:50.161536,28.66,77,42,0,maize,1.0,plains,1,6.05
2025-09-20 12:38:54.090966,28.66,77,42,0,maize,1.0,plains,1,6.05
2025-09-20 12:38:59.365662,28.66,77,42,0,maize,1.0,plains,1,6.05
2025-09-20 12:39:04.228189,28.66,77,42,0,maize,1.0,plains,1,6.05
2025-09-20 12:39:09.128534,28.66,77,42,0,maize,1.0,plains,1,6.05
2025-09-20 12:39:14.146227,28.66,77,42,0,maize,1.0,plains,1,6.05
2025-09-20 12:39:19.085392,28.66,77,42,0,maize,1.0,plains,1,6.05
2025-09-20 12:39:24.659644,28.66,77,42,0,maize,1.0,plains,1,6.05
2025-09-20 12:39:29.252702,28.66,77,42,0,maize,1.0,plains,1,6.05
2025-09-20 12:39:34.185299,28.66,77,42,0,maize,1.0,plains,1,6.05
2025-09-20 12:39:39.251204,28.66,77,42,0,maize,1.0,plains,1,6.05
2025-09-20 12:39:44.229131,28.66,77,42,0,maize,1.0,plains,1,6.05
2025-09-20 12:39:49.084527,28.66,77,42,0,maize,1.0,plains,1,6.05
2025-09-20 12:39:54.564775,28.66,77,42,0,maize,1.0,plains,1,6.05
2025-09-20 12:39:59.120371,28.66,77,42,0,maize,1.0,plains,1,6.05
2025-09-20 12:40:04.315358,28.66,77,42,0,maize,1.0,plains,1,6.05
2025-09-20 12:40:09.194708,28.66,77,42,0,maize,1.0,plains,1,6.05
2025-09-20 12:40:14.125032,28.66,77,42,0,maize,1.0,plains,1,6.05
2025-09-20 12:40:19.355115,28.66,77,42,0,maize,1.0,plains,1,6.05
2025-09-20 12:40:24.084823,28.66,77,42,0,maize,1.0,plains,1,6.05
2025-09-20 12:40:29.245859,28.66,77,42,0,maize,1.0,plains,1,6.05
2025-09-20 12:40:34.505564,28.66,77,42,0,maize,1.0,plains,1,6.05
2025-09-20 12:40:39.262973,28.66,77,42,0,maize,1.0,plains,1,6.05
2025-09-20 12:40:44.275196,28.66,77,42,0,maize,1.0,plains,1,6.05
2025-09-20 12:40:49.166786,28.66,77,42,0,maize,1.0,plains,1,6.05
2025-09-20 12:40:54.248561,28.66,77,42,0,maize,1.0,plains,1,6.05
2025-09-20 12:40:59.119546,28.66,77,42,0,maize,1.0,plains,1,6.05
2025-09-20 12:41:04.249296,28.66,77,42,0,maize,1.0,plains,1,6.05
2025-09-20 12:41:09.290228,28.66,77,42,0,maize,1.0,plains,1,6.05
2025-09-20 12:41:14.310765,28.66,77,42,0,maize,1.0,plains,1,6.05
2025-09-20 12:41:19.259903,28.66,77,42,0,maize,1.0,plains,1,6.05
2025-09-20 12:41:24.278226,28.66,77,42,0,maize,1.0,plains,1,6.05
2025-09-20 12:41:29.141790,28.66,77,42,0,maize,1.0,plains,1,6.05
2025-09-20 12:41:34.393300,28.66,77,42,0,maize,1.0,plains,1,6.05
2025-09-20 12:41:39.305164,28.66,77,42,0,maize,1.0,plains,1,6.05
2025-09-20 12:41:44.767708,28.66,77,42,0,maize,1.0,plains,1,6.05
2025-09-20 12:41:49.336659,28.66,77,42,0,maize,1.0,plains,1,6.05
2025-09-20 12:41:54.188187,28.66,77,42,0,maize,1.0,plains,1,6.05
2025-09-20 12:41:59.280155,28.66,77,42,0,maize,1.0,plains,1,6.05
2025-09-20 12:42:04.183934,28.66,77,42,0,maize,1.0,plains,1,6.05
2025-09-20 12:42:09.290894,28.66,77,42,0,maize,1.0,plains,1,6.05
2025-09-20 12:42:14.144450,28.66,77,42,0,maize,1.0,plains,1,6.05
2025-09-20 12:42:19.558192,28.66,77,42,0,maize,1.0,plains,1,6.05
2025-09-20 12:42:24.169597,28.66,77,42,0,maize,1.0,plains,1,6.05
2025-09-20 12:42:29.700248,28.66,77,42,0,maize,1.0,plains,1,6.05
2025-09-20 12:42:35.372677,28.66,77,42,0,maize,1.0,plains,1,6.05
2025-09-20 12:42:39.263730,28.66,77,42,0,maize,1.0,plains,1,6.05
2025-09-20 12:42:44.189697,28.66,77,42,0,maize,1.0,plains,1,6.05
2025-09-20 12:42:49.230462,28.66,77,42,0,maize,1.0,plains,1,6.05
2025-09-20 12:42:54.198806,28.66,77,42,0,maize,1.0,plains,1,6.05
2025-09-20 12:42:59.190698,28.66,77,42,0,maize,1.0,plains,1,6.05
2025-09-20 12:43:04.384102,28.66,77,42,0,maize,1.0,plains,1,6.05
2025-09-20 12:43:09.168375,28.66,77,42,0,maize,1.0,plains,1,6.05
2025-09-20 12:43:14.185036,28.66,77,42,0,maize,1.0,plains,1,6.05
2025-09-20 12:43:19.205092,28.66,77,42,0,maize,1.0,plains,1,6.05
2025-09-20 12:43:24.217672,28.66,77,42,0,maize,1.0,plains,1,6.05
2025-09-20 12:43:29.174691,28.66,77,42,0,maize,1.0,plains,1,6.05
2025-09-20 12:43:34.206063,28.66,77,42,0,maize,1.0,plains,1,6.05
2025-09-20 12:43:39.589401,28.66,77,42,0,maize,1.0,plains,1,6.05
2025-09-20 12:43:44.294268,28.66,77,42,0,maize,1.0,plains,1,6.05
2025-09-20 12:43:49.248540,28.66,77,42,0,maize,1.0,plains,1,6.05
2025-09-20 12:43:54.172377,28.66,77,42,0,maize,1.0,plains,1,6.05
2025-09-20 12:43:59.241476,28.66,77,42,0,maize,1.0,plains,1,6.05
2025-09-20 12:44:04.189730,28.66,77,42,0,maize,1.0,plains,1,6.05
2025-09-20 12:44:09.251463,28.66,77,42,0,maize,1.0,plains,1,6.05
2025-09-20 15:57:22.491447,27.28,85,42,0.24,cotton,1.0,plains,1,6.32
2025-09-20 15:57:27.318476,27.28,85,42,0.24,cotton,1.0,plains,1,6.32
2025-09-20 15:57:32.346225,27.28,85,42,0.24,cotton,1.0,plains,1,6.32
2025-09-20 15:57:37.314280,27.28,85,42,0.24,cotton,1.0,plains,1,6.32
2025-09-20 15:57:42.339579,27.28,85,42,0.24,cotton,1.0,plains,1,6.32
2025-09-20 15:57:47.432094,27.28,85,42,0.24,cotton,1.0,plains,1,6.32
2025-09-20 15:57:52.346462,27.28,85,42,0.24,cotton,1.0,plains,1,6.32
2025-09-20 15:57:57.328244,27.28,85,42,0.24,cotton,1.0,plains,1,6.32
2025-09-20 15:57:59.660617,27.28,85,42,0.24,cotton,333.0,plains,1,2106.22
2025-09-20 15:58:02.322960,27.28,85,42,0.24,cotton,1.0,plains,1,6.32
2025-09-20 15:58:04.904559,27.28,85,42,0.24,cotton,32.0,plains,1,202.4
2025-09-20 15:58:07.362336,27.28,85,42,0.24,cotton,1.0,plains,1,6.32
2025-09-20 15:58:07.430841,27.28,85,42,0.24,cotton,324.0,plains,1,2049.3
2025-09-20 15:58:12.417286,27.28,85,42,0.24,cotton,1.0,plains,1,6.32
2025-09-20 15:58:12.592177,27.28,85,42,0.24,cotton,123.0,plains,1,777.97
2025-09-20 15:58:17.426167,27.28,85,42,0.24,cotton,1.0,plains,1,6.32
2025-09-20 15:58:22.432775,27.28,85,42,0.24,cotton,1.0,plains,1,6.32
2025-09-20 15:58:27.368831,27.28,85,42,0.24,cotton,1.0,plains,1,6.32
2025-09-20 15:58:32.347841,27.28,85,42,0.24,cotton,1.0,plains,1,6.32
2025-09-20 15:58:37.405179,27.28,85,42,0.24,cotton,1.0,plains,1,6.32
2025-09-20 15:58:42.358460,27.28,85,42,0.24,cotton,1.0,plains,1,6.32
2025-09-20 15:58:47.329697,27.28,85,42,0.24,cotton,1.0,plains,1,6.32
2025-09-20 15:58:52.544579,27.28,85,42,0.24,cotton,1.0,plains,1,6.32
2025-09-20 15:58:57.394450,27.28,85,42,0.24,cotton,1.0,plains,1,6.32
2025-09-20 15:59:03.478406,27.28,85,42,0.24,cotton,1.0,plains,1,6.32
2025-09-20 15:59:07.671404,27.28,85,42,0.24,cotton,1.0,plains,1,6.32
2025-09-20 15:59:12.326622,27.28,85,42,0.24,cotton,1.0,plains,1,6.32
2025-09-20 15:59:17.370531,27.28,85,42,0.24,cotton,1.0,plains,1,6.32
2025-09-20 15:59:22.340026,27.28,85,42,0.24,cotton,1.0,plains,1,6.32
2025-09-20 15:59:27.553864,27.28,85,42,0.24,cotton,1.0,plains,1,6.32
2025-09-20 15:59:32.354069,27.28,85,42,0.24,cotton,1.0,plains,1,6.32
2025-09-20 15:59:37.318074,27.28,85,42,0.24,cotton,1.0,plains,1,6.32
2025-09-20 15:59:42.428643,27.28,85,42,0.24,cotton,1.0,plains,1,6.32
2025-09-20 15:59:47.420125,27.28,85,42,0.24,cotton,1.0,plains,1,6.32
2025-09-20 15:59:52.636058,27.28,85,42,0.24,cotton,1.0,plains,1,6.32
2025-09-20 15:59:57.391234,27.28,85,42,0.24,cotton,1.0,plains,1,6.32
2025-09-20 16:00:02.356745,27.28,85,42,0.24,cotton,1.0,plains,1,6.32
2025-09-20 16:00:07.637206,27.28,85,42,0.24,cotton,1.0,plains,1,6.32
2025-09-20 16:00:12.401576,27.28,85,42,0.24,cotton,1.0,plains,1,6.32
2025-09-20 16:00:17.534519,27.28,85,42,0.24,cotton,1.0,plains,1,6.32
2025-09-20 16:00:22.323742,27.28,85,42,0.24,cotton,1.0,plains,1,6.32
2025-09-20 16:00:27.308751,27.28,85,42,0.24,cotton,1.0,plains,1,6.32
2025-09-20 16:00:32.617750,27.28,85,42,0.24,cotton,1.0,plains,1,6.32
2025-09-20 16:00:37.355202,27.28,85,42,0.24,cotton,1.0,plains,1,6.32
2025-09-20 16:00:42.466141,27.28,85,42,0.24,cotton,1.0,plains,1,6.32
2025-09-20 16:00:47.385392,27.28,85,42,0.24,cotton,1.0,plains,1,6.32
2025-09-20 16:00:52.341244,27.28,85,42,0.24,cotton,1.0,plains,1,6.32
2025-09-20 16:00:57.469463,27.28,85,42,0.24,cotton,1.0,plains,1,6.32
2025-09-20 16:01:02.401855,27.28,85,42,0.24,cotton,1.0,plains,1,6.32
2025-09-20 16:01:07.556094,27.28,85,42,0.24,cotton,1.0,plains,1,6.32
2025-09-20 16:01:12.359901,27.28,85,42,0.24,cotton,1.0,plains,1,6.32
2025-09-20 16:01:18.329759,27.28,85,42,0.24,cotton,1.0,plains,1,6.32
2025-09-20 16:01:22.329758,27.28,85,42,0.24,cotton,1.0,plains,1,6.32
2025-09-20 16:01:27.526215,27.28,85,42,0.24,cotton,1.0,plains,1,6.32
2025-09-20 16:01:32.347201,27.28,85,42,0.24,cotton,1.0,plains,1,6.32
2025-09-20 16:01:37.365958,27.28,85,42,0.24,cotton,1.0,plains,1,6.32
2025-09-20 16:01:42.625880,27.28,85,42,0.24,cotton,1.0,plains,1,6.32
2025-09-20 16:01:47.329892,27.28,85,42,0.24,cotton,1.0,plains,1,6.32
2025-09-20 16:01:52.345729,27.28,85,42,0.24,cotton,1.0,plains,1,6.32
2025-09-20 16:01:57.418925,27.28,85,42,0.24,cotton,1.0,plains,1,6.32
2025-09-20 16:02:03.432116,27.28,85,42,0.24,cotton,1.0,plains,1,6.32
2025-09-20 16:02:07.476706,27.28,85,42,0.24,cotton,1.0,plains,1,6.32
2025-09-20 16:02:12.402473,27.28,85,42,0.24,cotton,1.0,plains,1,6.32
2025-09-20 16:02:17.343016,27.28,85,42,0.24,cotton,1.0,plains,1,6.32
2025-09-20 16:02:22.367861,27.28,85,42,0.24,cotton,1.0,plains,1,6.32
2025-09-20 16:02:27.367095,27.28,85,42,0.24,cotton,1.0,plains,1,6.32
2025-09-20 16:02:32.339347,27.28,85,42,0.24,cotton,1.0,plains,1,6.32
2025-09-20 16:02:37.660399,27.28,85,42,0.24,cotton,1.0,plains,1,6.32
2025-09-20 16:02:42.377536,27.28,85,42,0.24,cotton,1.0,plains,1,6.32
2025-09-20 16:02:47.424202,27.28,85,42,0.24,cotton,1.0,plains,1,6.32
2025-09-20 16:02:52.461785,27.28,85,42,0.24,cotton,1.0,plains,1,6.32
2025-09-20 16:02:57.482593,27.28,85,42,0.24,cotton,1.0,plains,1,6.32
2025-09-20 16:03:02.400659,27.28,85,42,0.24,cotton,1.0,plains,1,6.32
2025-09-20 16:03:07.533927,27.28,85,42,0.24,cotton,1.0,plains,1,6.32
2025-09-20 16:03:12.464292,27.28,85,42,0.24,cotton,1.0,plains,1,6.32
2025-09-20 16:03:17.412333,27.28,85,42,0.24,cotton,1.0,plains,1,6.32
2025-09-20 16:03:22.401343,27.28,85,42,0.24,cotton,1.0,plains,1,6.32
2025-09-20 16:03:27.371167,27.28,85,42,0.24,cotton,1.0,plains,1,6.32
2025-09-20 16:03:32.396312,27.28,85,42,0.24,cotton,1.0,plains,1,6.32
2025-09-20 16:03:37.511701,27.28,85,42,0.24,cotton,1.0,plains,1,6.32
2025-09-20 16:03:42.462715,27.28,85,42,0.24,cotton,1.0,plains,1,6.32
2025-09-20 16:03:47.393206,27.28,85,42,0.24,cotton,1.0,plains,1,6.32
2025-09-20 16:03:52.447385,27.28,85,42,0.24,cotton,1.0,plains,1,6.32
2025-09-20 16:03:57.530888,27.28,85,42,0.24,cotton,1.0,plains,1,6.32
2025-09-20 16:04:02.430389,27.28,85,42,0.24,cotton,1.0,plains,1,6.32
2025-09-20 16:04:07.395354,27.28,85,42,0.24,cotton,1.0,plains,1,6.32
2025-09-20 16:04:12.479595,27.28,85,42,0.24,cotton,1.0,plains,1,6.32
2025-09-20 16:04:17.900205,27.28,85,42,0.24,cotton,1.0,plains,1,6.32
2025-09-20 16:04:22.358688,27.28,85,42,0.24,cotton,1.0,plains,1,6.32
2025-09-20 16:04:27.440840,27.28,85,42,0.24,cotton,1.0,plains,1,6.32
2025-09-20 16:04:32.425023,27.28,85,42,0.24,cotton,1.0,plains,1,6.32
2025-09-20 16:04:37.365370,27.28,85,42,0.24,cotton,1.0,plains,1,6.32
2025-09-20 16:04:42.427379,27.28,85,42,0.24,cotton,1.0,plains,1,6.32
2025-09-20 16:04:47.525400,27.28,85,42,0.24,cotton,1.0,plains,1,6.32
2025-09-20 16:04:52.603951,27.28,85,42,0.24,cotton,1.0,plains,1,6.32
2025-09-20 16:04:57.468539,27.28,85,42,0.24,cotton,1.0,plains,1,6.32
2025-09-20 16:05:02.666715,27.28,85,42,0.24,cotton,1.0,plains,1,6.32
2025-09-20 16:05:07.419319,27.28,85,42,0.24,cotton,1.0,plains,1,6.32
2025-09-20 16:05:12.438386,27.28,85,42,0.24,cotton,1.0,plains,1,6.32
2025-09-20 16:05:17.421537,27.28,85,42,0.24,cotton,1.0,plains,1,6.32
2025-09-20 16:05:22.477340,27.28,85,42,0.24,cotton,1.0,plains,1,6.32
2025-09-20 16:05:27.418358,27.28,85,42,0.24,cotton,1.0,plains,1,6.32
2025-09-20 16:05:32.492168,27.28,85,42,0.24,cotton,1.0,plains,1,6.32
2025-09-20 16:05:37.610633,27.28,85,42,0.24,cotton,1.0,plains,1,6.32
2025-09-20 16:05:42.619879,27.28,85,42,0.24,cotton,1.0,plains,1,6.32
2025-09-20 16:05:47.486617,27.28,85,42,0.24,cotton,1.0,plains,1,6.32
2025-09-20 16:05:52.624904,27.28,85,42,0.24,cotton,1.0,plains,1,6.32
2025-09-20 16:05:57.517933,27.28,85,42,0.24,cotton,1.0,plains,1,6.32
2025-09-20 16:06:02.614260,27.28,85,42,0.24,cotton,1.0,plains,1,6.32
2025-09-20 16:06:07.513672,27.28,85,42,0.24,cotton,1.0,plains,1,6.32
2025-09-20 16:06:12.553557,27.28,85,42,0.24,cotton,1.0,plains,1,6.32
2025-09-20 16:06:17.446418,27.28,85,42,0.24,cotton,1.0,plains,1,6.32
2025-09-20 16:06:22.528689,27.28,85,42,0.24,cotton,1.0,plains,1,6.32
2025-09-20 16:06:27.568250,27.28,85,42,0.24,cotton,1.0,plains,1,6.32
2025-09-20 16:06:32.669756,27.28,85,42,0.24,cotton,1.0,plains,1,6.32
2025-09-20 16:06:37.431933,27.28,85,42,0.24,cotton,1.0,plains,1,6.32
2025-09-20 16:06:42.455919,27.28,85,42,0.24,cotton,1.0,plains,1,6.32
2025-09-20 16:06:47.459533,27.28,85,42,0.24,cotton,1.0,plains,1,6.32
2025-09-20 16:06:52.584832,27.28,85,42,0.24,cotton,1.0,plains,1,6.32
2025-09-20 16:06:57.500667,27.28,85,42,0.24,cotton,1.0,plains,1,6.32
2025-09-20 16:07:02.537321,27.28,85,42,0.24,cotton,1.0,plains,1,6.32
2025-09-20 16:07:07.588658,27.28,85,42,0.24,cotton,1.0,plains,1,6.32
2025-09-20 16:07:12.494992,27.28,85,42,0.24,cotton,1.0,plains,1,6.32
2025-09-20 16:07:17.480079,27.28,85,42,0.24,cotton,1.0,plains,1,6.32
2025-09-20 16:07:22.585798,27.28,85,42,0.24,cotton,1.0,plains,1,6.32
2025-09-20 16:07:27.501980,27.28,85,42,0.24,cotton,1.0,plains,1,6.32
2025-09-20 16:07:32.544069,27.28,85,42,0.24,cotton,1.0,plains,1,6.32
2025-09-20 16:07:37.437044,27.28,85,42,0.24,cotton,1.0,plains,1,6.32
2025-09-20 16:07:42.438189,27.28,85,42,0.24,cotton,1.0,plains,1,6.32
2025-09-20 16:07:47.580561,27.28,85,42,0.24,cotton,1.0,plains,1,6.32
2025-09-20 16:07:52.539292,26.74,87,42,0,cotton,1.0,plains,1,6.32
2025-09-20 16:07:57.501179,26.74,87,42,0,cotton,1.0,plains,1,6.32
2025-09-20 16:08:02.544873,26.74,87,42,0,cotton,1.0,plains,1,6.32
2025-09-20 16:08:07.489606,26.74,87,42,0,cotton,1.0,plains,1,6.32
2025-09-20 16:08:12.671276,26.74,87,42,0,cotton,1.0,plains,1,6.32
2025-09-20 16:08:17.568842,26.74,87,42,0,cotton,1.0,plains,1,6.32
2025-09-20 16:08:22.476358,26.74,87,42,0,cotton,1.0,plains,1,6.32
2025-09-20 16:08:27.554122,26.74,87,42,0,cotton,1.0,plains,1,6.32
2025-09-20 16:08:32.511308,26.74,87,42,0,cotton,1.0,plains,1,6.32
2025-09-20 16:08:37.667425,26.74,87,42,0,cotton,1.0,plains,1,6.32
2025-09-20 16:08:42.672597,26.74,87,42,0,cotton,1.0,plains,1,6.32
2025-09-20 16:08:47.799221,26.74,87,42,0,cotton,1.0,plains,1,6.32
2025-09-20 16:08:55.826967,26.74,87,42,0,cotton,1.0,plains,1,6.32
2025-09-20 16:09:08.779715,26.74,87,42,0,cotton,1.0,plains,1,6.32
2025-09-20 16:09:29.618839,26.74,87,42,0,cotton,1.0,plains,1,6.32
2025-09-20 16:09:39.469608,26.74,87,42,0,cotton,1.0,plains,1,6.32
2025-09-20 16:09:59.686759,26.74,87,42,0,cotton,1.0,plains,1,6.32
2025-09-20 16:10:19.651279,26.74,87,42,0,cotton,1.0,plains,1,6.32
2025-09-20 16:23:20.012545,26.74,87,42,0,cotton,1.0,plains,1,6.32
2025-09-20 16:23:24.812688,26.74,87,42,0,cotton,1.0,plains,1,6.32
2025-09-20 16:23:29.947262,26.74,87,42,0,cotton,1.0,plains,1,6.32
2025-09-20 16:23:35.000019,26.74,87,42,0,cotton,1.0,plains,1,6.32
2025-09-20 16:23:39.801988,26.74,87,42,0,cotton,1.0,plains,1,6.32
2025-09-20 16:23:44.926668,26.74,87,42,0,cotton,1.0,plains,1,6.32
2025-09-20 16:23:50.199559,26.74,87,42,0,cotton,1.0,plains,1,6.32
2025-09-20 16:23:54.878028,26.74,87,42,0,cotton,1.0,plains,1,6.32
2025-09-20 16:23:59.904018,26.74,87,42,0,cotton,1.0,plains,1,6.32
2025-09-20 16:24:04.901449,26.74,87,42,0,cotton,1.0,plains,1,6.32
2025-09-20 16:24:09.914373,26.74,87,42,0,cotton,1.0,plains,1,6.32
2025-09-20 16:24:14.877515,26.74,87,42,0,cotton,1.0,plains,1,6.32
2025-09-20 16:24:19.951534,26.74,87,42,0,cotton,1.0,plains,1,6.32
2025-09-20 16:24:24.873432,26.74,87,42,0,cotton,1.0,plains,1,6.32
2025-09-20 16:24:29.888775,26.74,87,42,0,cotton,1.0,plains,1,6.32
2025-09-20 16:24:34.904895,26.74,87,42,0,cotton,1.0,plains,1,6.32
2025-09-20 16:24:39.822814,26.74,87,42,0,cotton,1.0,plains,1,6.32
2025-09-20 16:24:44.844919,26.74,87,42,0,cotton,1.0,plains,1,6.32
2025-09-20 16:24:49.856433,26.74,87,42,0,cotton,1.0,plains,1,6.32
2025-09-20 16:24:54.864107,26.74,87,42,0,cotton,1.0,plains,1,6.32
2025-09-20 16:24:59.823758,26.74,87,42,0,cotton,1.0,plains,1,6.32
2025-09-20 16:25:04.988884,26.74,87,42,0,cotton,1.0,plains,1,6.32
2025-09-20 16:25:09.987399,26.74,87,42,0,cotton,1.0,plains,1,6.32
2025-09-20 16:25:14.923204,26.74,87,42,0,cotton,1.0,plains,1,6.32
2025-09-20 16:25:19.916029,26.74,87,42,0,cotton,1.0,plains,1,6.32
2025-09-20 16:25:24.893279,26.74,87,42,0,cotton,1.0,plains,1,6.32
2025-09-20 16:25:29.952409,26.74,87,42,0,cotton,1.0,plains,1,6.32
2025-09-20 16:25:34.980920,26.74,87,42,0,cotton,1.0,plains,1,6.32
2025-09-20 16:25:39.974672,26.74,87,42,0,cotton,1.0,plains,1,6.32
2025-09-20 16:25:44.948719,26.74,87,42,0,cotton,1.0,plains,1,6.32
2025-09-20 16:25:49.898066,26.74,87,42,0,cotton,1.0,plains,1,6.32
2025-09-20 16:25:54.880168,26.74,87,42,0,cotton,1.0,plains,1,6.32
2025-09-20 16:25:59.968255,26.74,87,42,0,cotton,1.0,plains,1,6.32
2025-09-20 16:26:04.925188,26.74,87,42,0,cotton,1.0,plains,1,6.32
2025-09-20 16:26:10.095568,26.74,87,42,0,cotton,1.0,plains,1,6.32
2025-09-20 16:26:14.907155,26.74,87,42,0,cotton,1.0,plains,1,6.32
2025-09-20 16:26:19.925097,26.74,87,42,0,cotton,1.0,plains,1,6.32
2025-09-20 16:26:24.945196,26.74,87,42,0,cotton,1.0,plains,1,6.32
2025-09-20 16:26:29.913800,26.74,87,42,0,cotton,1.0,plains,1,6.32
2025-09-20 16:26:36.101145,26.74,87,42,0,cotton,1.0,plains,1,6.32
2025-09-20 16:26:40.047197,26.74,87,42,0,cotton,1.0,plains,1,6.32
2025-09-20 16:26:44.895491,26.74,87,42,0,cotton,1.0,plains,1,6.32
2025-09-20 16:26:49.908048,26.74,87,42,0,cotton,1.0,plains,1,6.32
2025-09-20 16:26:54.959198,26.74,87,42,0,cotton,1.0,plains,1,6.32
2025-09-20 16:26:59.999650,26.74,87,42,0,cotton,1.0,plains,1,6.32
2025-09-20 16:27:04.982506,26.74,87,42,0,cotton,1.0,plains,1,6.32
2025-09-20 16:27:09.949816,26.74,87,42,0,cotton,1.0,plains,1,6.32
2025-09-20 16:27:15.020873,26.74,87,42,0,cotton,1.0,plains,1,6.32
2025-09-20 16:27:20.043484,26.74,87,42,0,cotton,1.0,plains,1,6.32
2025-09-20 16:27:24.949805,26.74,87,42,0,cotton,1.0,plains,1,6.32
2025-09-20 16:27:29.967655,26.74,87,42,0,cotton,1.0,plains,1,6.32
2025-09-20 16:27:35.002833,26.74,87,42,0,cotton,1.0,plains,1,6.32
2025-09-20 16:27:40.011224,26.74,87,42,0,cotton,1.0,plains,1,6.32
2025-09-20 16:27:45.179427,26.74,87,42,0,cotton,1.0,plains,1,6.32
2025-09-20 16:27:49.890414,26.74,87,42,0,cotton,1.0,plains,1,6.32
2025-09-20 16:27:54.955382,26.74,87,42,0,cotton,1.0,plains,1,6.32
2025-09-20 16:27:59.983155,26.74,87,42,0,cotton,1.0,plains,1,6.32
2025-09-20 16:28:05.127669,26.74,87,42,0,cotton,1.0,plains,1,6.32
2025-09-20 16:28:09.883406,26.74,87,42,0,cotton,1.0,plains,1,6.32
2025-09-20 16:28:15.060335,26.74,87,42,0,cotton,1.0,plains,1,6.32
2025-09-20 16:28:20.069025,26.74,87,42,0,cotton,1.0,plains,1,6.32
2025-09-20 16:28:24.964727,26.74,87,42,0,cotton,1.0,plains,1,6.32
2025-09-20 16:28:29.985889,26.74,87,42,0,cotton,1.0,plains,1,6.32
2025-09-20 16:28:35.000827,26.74,87,42,0,cotton,1.0,plains,1,6.32
2025-09-20 16:28:40.172788,26.74,87,42,0,cotton,1.0,plains,1,6.32
2025-09-20 16:28:45.049633,26.74,87,42,0,cotton,1.0,plains,1,6.32
2025-09-20 16:28:50.056692,26.74,87,42,0,cotton,1.0,plains,1,6.32
2025-09-20 16:28:55.074408,26.74,87,42,0,cotton,1.0,plains,1,6.32
2025-09-20 16:29:00.006246,26.74,87,42,0,cotton,1.0,plains,1,6.32
2025-09-20 16:29:05.005078,26.74,87,42,0,cotton,1.0,plains,1,6.32
2025-09-20 16:29:10.023565,26.74,87,42,0,cotton,1.0,plains,1,6.32
2025-09-20 16:29:15.058389,26.74,87,42,0,cotton,1.0,plains,1,6.32
2025-09-20 16:29:20.048973,26.74,87,42,0,cotton,1.0,plains,1,6.32
2025-09-20 16:29:25.145353,26.74,87,42,0,cotton,1.0,plains,1,6.32
2025-09-20 16:29:29.994429,26.74,87,42,0,cotton,1.0,plains,1,6.32
2025-09-20 16:29:34.999193,26.74,87,42,0,cotton,1.0,plains,1,6.32
2025-09-20 16:29:40.044127,26.74,87,42,0,cotton,1.0,plains,1,6.32
2025-09-20 16:29:44.985644,26.74,87,42,0,cotton,1.0,plains,1,6.32
2025-09-20 16:29:50.004627,26.74,87,42,0,cotton,1.0,plains,1,6.32
2025-09-20 16:29:54.980533,26.74,87,42,0,cotton,1.0,plains,1,6.32
2025-09-20 16:29:59.996953,26.74,87,42,0,cotton,1.0,plains,1,6.32
2025-09-20 16:30:04.987095,26.74,87,42,0,cotton,1.0,plains,1,6.32
2025-09-20 16:30:10.022013,26.74,87,42,0,cotton,1.0,plains,1,6.32
2025-09-20 16:30:15.065591,26.74,87,42,0,cotton,1.0,plains,1,6.32
2025-09-20 16:30:20.057306,26.74,87,42,0,cotton,1.0,plains,1,6.32
2025-09-20 16:30:25.057808,26.74,87,42,0,cotton,1.0,plains,1,6.32
2025-09-20 16:30:30.144019,26.74,87,42,0,cotton,1.0,plains,1,6.32
2025-09-20 16:30:34.960183,26.74,87,42,0,cotton,1.0,plains,1,6.32
2025-09-20 16:30:40.020895,26.74,87,42,0,cotton,1.0,plains,1,6.32
2025-09-20 16:30:45.042933,26.74,87,42,0,cotton,1.0,plains,1,6.32
2025-09-20 16:30:49.974704,26.74,87,42,0,cotton,1.0,plains,1,6.32
2025-09-20 16:30:55.398536,26.74,87,42,0,cotton,1.0,plains,1,6.32
2025-09-20 16:31:00.117656,26.74,87,42,0,cotton,1.0,plains,1,6.32
2025-09-20 16:31:05.006816,26.74,87,42,0,cotton,1.0,plains,1,6.32
2025-09-20 16:31:10.023438,26.74,87,42,0,cotton,1.0,plains,1,6.32
2025-09-20 16:31:15.082014,26.74,87,42,0,cotton,1.0,plains,1,6.32
2025-09-20 16:31:20.015342,26.74,87,42,0,cotton,1.0,plains,1,6.32
2025-09-20 16:31:25.030976,26.74,87,42,0,cotton,1.0,plains,1,6.32
2025-09-20 16:31:30.416963,26.74,87,42,0,cotton,1.0,plains,1,6.32
2025-09-20 16:31:35.010805,26.74,87,42,0,cotton,1.0,plains,1,6.32
2025-09-20 16:31:40.069587,26.74,87,42,0,cotton,1.0,plains,1,6.32
2025-09-20 16:31:45.166556,26.74,87,42,0,cotton,1.0,plains,1,6.32
2025-09-20 16:31:50.061350,26.74,87,42,0,cotton,1.0,plains,1,6.32
2025-09-20 16:31:55.530690,26.74,87,42,0,cotton,1.0,plains,1,6.32
2025-09-20 16:32:00.322099,26.74,87,42,0,cotton,1.0,plains,1,6.32
2025-09-20 16:32:05.046769,26.74,87,42,0,cotton,1.0,plains,1,6.32
2025-09-20 16:32:10.148290,26.74,87,42,0,cotton,1.0,plains,1,6.32
2025-09-20 16:32:15.033934,26.74,87,42,0,cotton,1.0,plains,1,6.32
2025-09-20 16:32:20.107104,26.74,87,42,0,cotton,1.0,plains,1,6.32
2025-09-20 16:32:25.142010,26.74,87,42,0,cotton,1.0,plains,1,6.32
2025-09-20 16:32:30.029644,26.74,87,42,0,cotton,1.0,plains,1,6.32
2025-09-20 16:32:35.087667,26.74,87,42,0,cotton,1.0,plains,1,6.32
2025-09-20 16:32:40.839391,26.74,87,42,0,cotton,1.0,plains,1,6.32
2025-09-20 16:32:45.015693,26.74,87,42,0,cotton,1.0,plains,1,6.32
2025-09-20 16:32:50.076609,26.74,87,42,0,cotton,1.0,plains,1,6.32
2025-09-20 16:32:55.087901,26.74,87,42,0,cotton,1.0,plains,1,6.32
2025-09-20 16:33:00.130378,26.74,87,42,0,cotton,1.0,plains,1,6.32
2025-09-20 16:33:05.283774,26.74,87,42,0,cotton,1.0,plains,1,6.32
2025-09-20 16:33:10.248763,26.74,87,42,0,cotton,1.0,plains,1,6.32
2025-09-20 16:33:15.083221,26.74,87,42,0,cotton,1.0,plains,1,6.32
2025-09-20 16:33:20.092994,26.74,87,42,0,cotton,1.0,plains,1,6.32
2025-09-20 16:33:25.109695,26.74,87,42,0,cotton,1.0,plains,1,6.32
2025-09-20 16:33:30.291694,26.74,87,42,0,cotton,1.0,plains,1,6.32
2025-09-20 16:33:35.229207,26.74,87,42,0,cotton,1.0,plains,1,6.32
2025-09-20 16:33:40.070108,26.74,87,42,0,cotton,1.0,plains,1,6.32
2025-09-20 16:33:45.114507,26.74,87,42,0,cotton,1.0,plains,1,6.32
2025-09-20 16:33:50.093121,26.74,87,42,0,cotton,1.0,plains,1,6.32
2025-09-20 16:33:55.214997,26.74,87,42,0,cotton,1.0,plains,1,6.32
2025-09-20 16:34:00.110956,26.74,87,42,0,cotton,1.0,plains,1,6.32
2025-09-20 16:34:05.043922,26.74,87,42,0,cotton,1.0,plains,1,6.32
2025-09-20 16:34:10.093696,26.74,87,42,0,cotton,1.0,plains,1,6.32
2025-09-20 16:34:15.138564,26.74,87,42,0,cotton,1.0,plains,1,6.32
2025-09-20 16:34:20.197746,26.74,87,42,0,cotton,1.0,plains,1,6.32
2025-09-20 16:34:25.123664,26.74,87,42,0,cotton,1.0,plains,1,6.32
2025-09-20 16:34:30.375861,26.74,87,42,0,cotton,1.0,plains,1,6.32
2025-09-20 16:34:35.262683,26.74,87,42,0,cotton,1.0,plains,1,6.32
2025-09-20 16:34:40.107690,26.74,87,42,0,cotton,1.0,plains,1,6.32
2025-09-20 16:34:45.316596,26.74,87,42,0,cotton,1.0,plains,1,6.32
2025-09-20 16:34:51.357773,26.74,87,42,0,cotton,1.0,plains,1,6.32
2025-09-27 13:16:09.430764,32.33,55,42,0,cotton,1.0,plains,1,6.32
2025-09-27 13:16:14.326278,32.33,55,42,0,cotton,1.0,plains,1,6.32
2025-09-27 13:16:19.323839,32.33,55,42,0,cotton,1.0,plains,1,6.32
2025-09-27 13:16:24.373966,32.33,55,42,0,cotton,1.0,plains,1,6.32
2025-09-27 13:16:29.474913,32.33,55,42,0,cotton,1.0,plains,1,6.32
2025-09-27 13:16:34.503306,32.33,55,42,0,cotton,1.0,plains,1,6.32
2025-09-27 13:16:39.633314,32.33,55,42,0,cotton,1.0,plains,1,6.32
2025-09-27 13:16:51.346929,32.33,55,42,0,cotton,1.0,plains,1,6.32
2025-09-27 13:17:03.545681,32.33,55,42,0,cotton,1.0,plains,1,6.32
2025-09-27 13:17:17.966187,32.33,55,42,0,cotton,1.0,plains,1,6.32
2025-09-27 13:17:37.942766,32.33,55,42,0,cotton,1.0,plains,1,6.32
2025-09-27 13:17:57.933536,32.33,55,42,0,cotton,1.0,plains,1,6.32
2025-09-27 13:18:17.909904,32.33,55,42,0,cotton,1.0,plains,1,6.32
2025-09-27 13:18:38.155629,32.33,55,42,0,cotton,1.0,plains,1,6.32
2025-09-27 13:22:23.069731,32.33,55,42,0,cotton,1.0,plains,1,6.32
2025-09-27 13:22:28.040861,32.33,55,42,0,cotton,1.0,plains,1,6.32
2025-09-27 13:22:34.044734,32.33,55,42,0,cotton,1.0,plains,1,6.32
2025-09-27 13:22:38.175479,32.33,55,42,0,cotton,1.0,plains,1,6.32
2025-09-27 13:22:43.477435,32.33,55,42,0,cotton,1.0,plains,1,6.32
2025-09-27 13:22:48.345527,32.33,55,42,0,cotton,1.0,plains,1,6.32
2025-09-27 13:22:53.541857,32.33,55,42,0,cotton,1.0,plains,1,6.32
2025-09-27 13:23:03.035169,32.33,55,42,0,cotton,1.0,plains,1,6.32
2025-09-27 13:33:20.175826,32.33,55,42,0,cotton,1.0,plains,1,6.32
2025-09-27 13:33:25.320902,32.33,55,42,0,cotton,1.0,plains,1,6.32
2025-09-27 13:33:30.334774,32.33,55,42,0,cotton,1.0,plains,1,6.32
2025-09-27 13:33:35.423458,32.33,55,42,0,cotton,1.0,plains,1,6.32
2025-09-27 13:33:40.604511,32.33,55,42,0,cotton,1.0,plains,1,6.32
2025-09-27 13:33:45.562733,32.33,55,42,0,cotton,1.0,plains,1,6.32
2025-09-27 13:39:22.813977,32.33,55,42,0,cotton,1.0,plains,1,6.32
2025-09-27 13:39:27.714656,32.33,55,42,0,cotton,1.0,plains,1,6.32
2025-09-27 13:39:32.937899,32.33,55,42,0,cotton,1.0,plains,1,6.32
2025-09-27 13:39:37.742572,32.33,55,42,0,cotton,1.0,plains,1,6.32
2025-09-27 13:39:43.723724,32.33,55,42,0,cotton,1.0,plains,1,6.32
2025-09-27 14:33:58.237324,31.09,63,42,0,cotton,1.0,plains,1,6.32
2025-09-27 14:34:03.401656,31.09,63,42,0,cotton,1.0,plains,1,6.32
2025-09-27 14:34:08.322226,31.09,63,42,0,cotton,1.0,plains,1,6.32
2025-09-27 14:34:10.893602,31.09,63,42,0,cotton,1.0,plains,1,6.32
2025-09-27 14:34:15.988208,31.09,63,42,0,cotton,1.0,plains,1,6.32
